<?xml version="1.0" encoding="UTF-8"?>
<configuration>

	<property name="DEV_HOME" value="./userhub-logs" />

	<appender name="CA" class="ch.qos.logback.core.ConsoleAppender">
		<layout class="ch.qos.logback.classic.PatternLayout">
			<Pattern>
				%d{yyyy-MM-dd'T'HH:mm:ss.SSSXXX} %-5p %c [%t] %11X{RefId} %m%n
			</Pattern>
		</layout>
	</appender>

	<appender name="FILE-AUDIT"
		class="ch.qos.logback.core.rolling.RollingFileAppender">
		<file>${DEV_HOME}/audit-logs/UserHubAudit.log</file>
		<encoder class="ch.qos.logback.classic.encoder.PatternLayoutEncoder">
			<Pattern>
				%d{yyyy-MM-dd'T'HH:mm:ss.SSSXXX} %-5p %c [%t] %11X{RefId} %m%n
			</Pattern>
		</encoder>

		<rollingPolicy class="ch.qos.logback.core.rolling.TimeBasedRollingPolicy">
			<!-- rollover daily -->
			<fileNamePattern>${DEV_HOME}/archived/audit-logs/UserHubAudit.%d{yyyy-MM-dd}.log.gz
                        </fileNamePattern>
		</rollingPolicy>

	</appender>

	<appender name="FA"
		class="ch.qos.logback.core.rolling.RollingFileAppender">
		<file>${DEV_HOME}/logs/Usermanagement.log</file>
		<encoder class="ch.qos.logback.classic.encoder.PatternLayoutEncoder">
			<Pattern>
				%d{yyyy-MM-dd'T'HH:mm:ss.SSSXXX} %-5p %c [%t] %11X{RefId} %m%n
			</Pattern>
		</encoder>

		<rollingPolicy class="ch.qos.logback.core.rolling.TimeBasedRollingPolicy">
			<!-- rollover daily -->
			<fileNamePattern>${DEV_HOME}/archived/logs/Usermanagement.%d{yyyy-MM-dd}.log.gz
                        </fileNamePattern>
		</rollingPolicy>

	</appender>

	<!-- Send logs to both console and file audit -->
	<logger name="AUDIT" level="info"
		additivity="false">
		<appender-ref ref="FILE-AUDIT" />
		<appender-ref ref="CA" />
	</logger>

	<root level="info">
		<appender-ref ref="FA" />
		<appender-ref ref="CA" />
	</root>

</configuration>
